,clssifiers,BA,TN,FP,FN,TP
0,LogisticR_lbfgs,0.5,0.0,31.0,0.0,48.0
1,LogisticR_liblinear,0.5,0.0,31.0,0.0,48.0
2,LogisticR_newtonc,0.5151209677419355,30.0,1.0,45.0,3.0
3,LogisticR_newtonch,0.5,0.0,31.0,0.0,48.0
4,DecisionTree,0.6163640714810922,27.0,4.0,25.0,23.0
5,NearestC,0.0,0.0,0.0,0.0,0.0
6,LDA_le,0.5,0.0,31.0,0.0,48.0
7,QDA,0.5000029342741881,0.0,31.0,0.0,48.0
8,BernoulliNB,0.5483870967741935,3.0,28.0,0.0,48.0
9,GaussianNB,0.0,0.0,0.0,0.0,0.0
10,AdaBoost,0.6512096774193548,21.0,10.0,18.0,30.0
11,RandomForest,0.5465953835873617,12.0,19.0,13.0,35.0
12,KNN,0.5,0.0,31.0,0.0,48.0
