,clssifiers,BA,TN,FP,FN,TP
0,RandomForest,0.5286712600533692,22.0,11.0,15.0,11.0
1,DecisionTree,0.5751747861905042,24.0,9.0,15.0,11.0
