{
    "safe": 0.9938271604938271,
    "borderline": 0.006172839506172839,
    "rare": 0.0,
    "outlier": 0.0
}