{
    "safe": 0.1267123287671233,
    "borderline": 0.678082191780822,
    "rare": 0.1678082191780822,
    "outlier": 0.0273972602739726
}