{
    "safe": 0.49310344827586206,
    "borderline": 0.42758620689655175,
    "rare": 0.06551724137931035,
    "outlier": 0.013793103448275862
}