{
    "safe": 0.974169741697417,
    "borderline": 0.025830258302583026,
    "rare": 0.0,
    "outlier": 0.0
}