{
    "safe": 0.9001233045622689,
    "borderline": 0.0998766954377312,
    "rare": 0.0,
    "outlier": 0.0
}