{
    "safe": 0.7696969696969697,
    "borderline": 0.23030303030303031,
    "rare": 0.0,
    "outlier": 0.0
}