{
    "safe": 0.17535545023696683,
    "borderline": 0.5876777251184834,
    "rare": 0.16587677725118483,
    "outlier": 0.07109004739336493
}