{
    "safe": 0.3222748815165877,
    "borderline": 0.5734597156398105,
    "rare": 0.08530805687203792,
    "outlier": 0.018957345971563982
}