{
    "safe": 0.9741219963031423,
    "borderline": 0.025878003696857672,
    "rare": 0.0,
    "outlier": 0.0
}