{
    "safe": 0.9642857142857143,
    "borderline": 0.03571428571428571,
    "rare": 0.0,
    "outlier": 0.0
}