{
    "safe": 0.9479553903345725,
    "borderline": 0.05204460966542751,
    "rare": 0.0,
    "outlier": 0.0
}