{
    "safe": 0.0755813953488372,
    "borderline": 0.5697674418604651,
    "rare": 0.28488372093023256,
    "outlier": 0.06976744186046512
}