{
    "safe": 0.9306930693069307,
    "borderline": 0.06930693069306931,
    "rare": 0.0,
    "outlier": 0.0
}