{
    "safe": 0.988909426987061,
    "borderline": 0.011090573012939002,
    "rare": 0.0,
    "outlier": 0.0
}