{
    "safe": 0.43884892086330934,
    "borderline": 0.4940047961630695,
    "rare": 0.06474820143884892,
    "outlier": 0.002398081534772182
}