{
    "safe": 0.10303030303030303,
    "borderline": 0.694949494949495,
    "rare": 0.17777777777777778,
    "outlier": 0.024242424242424242
}