{
    "safe": 0.6170212765957447,
    "borderline": 0.3574468085106383,
    "rare": 0.02553191489361702,
    "outlier": 0.0
}