{
    "safe": 0.9703703703703703,
    "borderline": 0.02962962962962963,
    "rare": 0.0,
    "outlier": 0.0
}