{
    "safe": 0.8354430379746836,
    "borderline": 0.16455696202531644,
    "rare": 0.0,
    "outlier": 0.0
}