{
    "safe": 0.9656019656019657,
    "borderline": 0.0343980343980344,
    "rare": 0.0,
    "outlier": 0.0
}