{
    "safe": 0.9715698393077874,
    "borderline": 0.02843016069221261,
    "rare": 0.0,
    "outlier": 0.0
}