{
    "safe": 0.7767295597484277,
    "borderline": 0.1792452830188679,
    "rare": 0.0440251572327044,
    "outlier": 0.0
}