{
    "safe": 0.9259259259259259,
    "borderline": 0.07407407407407407,
    "rare": 0.0,
    "outlier": 0.0
}