{
    "safe": 0.5145348837209303,
    "borderline": 0.44476744186046513,
    "rare": 0.040697674418604654,
    "outlier": 0.0
}