{
    "safe": 0.0425531914893617,
    "borderline": 0.2978723404255319,
    "rare": 0.2978723404255319,
    "outlier": 0.3617021276595745
}