{
    "safe": 0.7490196078431373,
    "borderline": 0.24313725490196078,
    "rare": 0.00784313725490196,
    "outlier": 0.0
}