{
    "safe": 0.9975429975429976,
    "borderline": 0.002457002457002457,
    "rare": 0.0,
    "outlier": 0.0
}