{
    "safe": 0.39114391143911437,
    "borderline": 0.4907749077490775,
    "rare": 0.0959409594095941,
    "outlier": 0.02214022140221402
}