{
    "safe": 0.8721804511278195,
    "borderline": 0.12280701754385964,
    "rare": 0.005012531328320802,
    "outlier": 0.0
}