{
    "safe": 0.8979206049149339,
    "borderline": 0.10207939508506617,
    "rare": 0.0,
    "outlier": 0.0
}