{
    "safe": 0.7083333333333334,
    "borderline": 0.2403846153846154,
    "rare": 0.035256410256410256,
    "outlier": 0.016025641025641024
}