{
    "safe": 0.9803439803439803,
    "borderline": 0.019656019656019656,
    "rare": 0.0,
    "outlier": 0.0
}