{
    "safe": 0.9308641975308642,
    "borderline": 0.0691358024691358,
    "rare": 0.0,
    "outlier": 0.0
}