{
    "safe": 0.8838951310861424,
    "borderline": 0.11610486891385768,
    "rare": 0.0,
    "outlier": 0.0
}