{
    "safe": 0.6987012987012987,
    "borderline": 0.2779220779220779,
    "rare": 0.02207792207792208,
    "outlier": 0.0012987012987012987
}