{
    "safe": 0.858036272670419,
    "borderline": 0.13946216385240776,
    "rare": 0.0025015634771732333,
    "outlier": 0.0
}