{
    "safe": 0.9261992619926199,
    "borderline": 0.07380073800738007,
    "rare": 0.0,
    "outlier": 0.0
}