{
    "safe": 0.7365591397849462,
    "borderline": 0.25806451612903225,
    "rare": 0.005376344086021506,
    "outlier": 0.0
}