{
    "safe": 0.7123197903014417,
    "borderline": 0.27391874180865006,
    "rare": 0.013761467889908258,
    "outlier": 0.0
}