{
    "safe": 0.5085714285714286,
    "borderline": 0.45571428571428574,
    "rare": 0.027142857142857142,
    "outlier": 0.008571428571428572
}