{
    "safe": 0.0,
    "borderline": 0.22900763358778625,
    "rare": 0.3969465648854962,
    "outlier": 0.37404580152671757
}