{
    "safe": 0.9522058823529411,
    "borderline": 0.04779411764705882,
    "rare": 0.0,
    "outlier": 0.0
}