{
    "safe": 0.30254777070063693,
    "borderline": 0.5,
    "rare": 0.13614649681528662,
    "outlier": 0.06130573248407643
}