{
    "safe": 0.011695906432748537,
    "borderline": 0.36257309941520466,
    "rare": 0.391812865497076,
    "outlier": 0.23391812865497075
}