{
    "safe": 0.9742173112338858,
    "borderline": 0.02578268876611418,
    "rare": 0.0,
    "outlier": 0.0
}