{
    "safe": 0.015810276679841896,
    "borderline": 0.541501976284585,
    "rare": 0.3241106719367589,
    "outlier": 0.11857707509881422
}