{
    "safe": 0.8517110266159695,
    "borderline": 0.1482889733840304,
    "rare": 0.0,
    "outlier": 0.0
}